Metric,Value
Accuracy,0.8429828624363132
Precision,0.8106873715460151
Recall,0.8707382879568311
F1 Score,0.8396404919583728
MSE,0.1570171375636869
RMSE,0.3962538801875471
R² Score,0.3699688541098226
