Metric,Value
Accuracy,0.7375886524822695
Precision,0.7246376811594203
Recall,0.7352941176470589
F1 Score,0.7299270072992701
MAE,6.825058480839144
MSE,79.85017386522516
RMSE,8.935892449287042
R² Score,0.32069024461170836
