Metric,Value
TP,3751.0
FP,875.0
TN,3684.0
FN,326.0
Accuracy,0.8609309865678555
Precision,0.8108517077388673
Recall,0.9200392445425558
F1 Score,0.8620016086406986
MSE,0.1390690134321445
RMSE,0.372919580381809
R² Score,0.4419856886326674
