Metric,Value
Accuracy,0.8456461324687355
Precision,0.8084532374100719
Recall,0.8820210939416238
F1 Score,0.8436363636363636
MSE,0.15435386753126448
RMSE,0.3928789476814258
R² Score,0.38065522310353506
