Variable,age_band_ordinal,gender_ordinal,highest_education_ordinal,imd_band_ordinal,passed,region_ordinal
active_days,0.000000,0.687481,0.295282,0.512046,0.000000,0.915831
avg_clicks_per_day,0.000000,0.000014,0.276669,0.868852,0.028133,0.038287
avg_credits,0.000002,0.123287,0.189957,0.168454,0.000005,0.093408
avg_score,0.008625,0.059511,0.000085,0.031280,0.000000,0.000000
total_clicks,0.000000,0.189348,0.044623,0.290314,0.000000,0.827288
total_credits,0.000044,0.141564,0.048960,0.115780,0.000000,0.076606
