,id_student,total_clicks,active_days,avg_clicks_per_day,total_credits,avg_credits,gender_ordinal,region_ordinal,highest_education_ordinal,imd_band_ordinal,age_band_ordinal
count,350.0,350.0,350.0,350.0,350.0,350.0,350.0,350.0,350.0,350.0,350.0
mean,2698432.5,1997.962857142857,94.72857142857143,17.396555085274287,30.282857142914285,5.047142857145714,0.44285714285714284,6.0285714285714285,0.7228571428571429,5.445714285714286,0.5857142857142857
std,101.18053172424031,2300.9460135682693,61.351568363382086,7.38644590631102,1.8426735796262106,0.30711226329171476,0.4974350913212428,3.829352135990668,0.8465624791527745,2.8708936397272327,0.593490407413786
min,2698258.0,3.0,1.0,3.611111111,22.81060959,3.801768265,0.0,0.0,0.0,0.0,0.0
25%,2698345.25,494.5,44.25,12.4404608475,29.271319305,4.8785532172499995,0.0,3.0,0.0,3.0,0.0
50%,2698432.5,1326.0,86.0,16.81060606,30.572071285,5.095345214,0.0,7.0,0.0,6.0,1.0
75%,2698519.75,2515.75,126.75,20.76620029,31.591186135,5.2651976895,1.0,9.0,1.0,8.0,1.0
max,2698607.0,15716.0,261.0,58.10629921,33.98291541,5.663819236,1.0,12.0,3.0,10.0,2.0
